{
    "utterances": [
        {
            "text": "All done",
            "entities": [],
            "traits": [],
            "intent": "checkout"
        },
        {
            "text": "I am done",
            "entities": [],
            "traits": [],
            "intent": "checkout"
        },
        {
            "text": "I'd like to checkout",
            "entities": [],
            "traits": [],
            "intent": "checkout"
        },
        {
            "text": "I'm finished shopping",
            "entities": [],
            "traits": [],
            "intent": "checkout"
        },
        {
            "text": "add",
            "entities": [],
            "traits": [],
            "intent": "add_item"
        },
        {
            "text": "add 1 apple",
            "entities": [
                {
                    "entity": "wit$number:number",
                    "start": 4,
                    "end": 5,
                    "body": "1",
                    "entities": []
                },
                {
                    "entity": "specific_item:specific_item",
                    "start": 6,
                    "end": 11,
                    "body": "apple",
                    "entities": []
                }
            ],
            "traits": [],
            "intent": "add_item"
        },
        {
            "text": "add 1 coconut",
            "entities": [
                {
                    "entity": "wit$number:number",
                    "start": 4,
                    "end": 5,
                    "body": "1",
                    "entities": []
                },
                {
                    "entity": "specific_item:specific_item",
                    "start": 6,
                    "end": 13,
                    "body": "coconut",
                    "entities": []
                }
            ],
            "traits": [],
            "intent": "add_item"
        },
        {
            "text": "add 2 bagels",
            "entities": [
                {
                    "entity": "wit$number:number",
                    "start": 4,
                    "end": 5,
                    "body": "2",
                    "entities": []
                },
                {
                    "entity": "specific_item:specific_item",
                    "start": 6,
                    "end": 12,
                    "body": "bagels",
                    "entities": []
                }
            ],
            "traits": [],
            "intent": "add_item"
        },
        {
            "text": "add 7 eggs",
            "entities": [
                {
                    "entity": "specific_item:specific_item",
                    "start": 6,
                    "end": 10,
                    "body": "eggs",
                    "entities": []
                }
            ],
            "traits": [],
            "intent": "add_item"
        },
        {
            "text": "add an apple to my basket",
            "entities": [
                {
                    "entity": "specific_item:specific_item",
                    "start": 7,
                    "end": 12,
                    "body": "apple",
                    "entities": []
                }
            ],
            "traits": [],
            "intent": "add_item"
        },
        {
            "text": "check my basket",
            "entities": [],
            "traits": [],
            "intent": "view_cart"
        },
        {
            "text": "checkout",
            "entities": [],
            "traits": [],
            "intent": "checkout"
        },
        {
            "text": "cost",
            "entities": [],
            "traits": [],
            "intent": "get_price"
        },
        {
            "text": "cost of apple",
            "entities": [],
            "traits": [],
            "intent": "get_price"
        },
        {
            "text": "delete",
            "entities": [],
            "traits": [],
            "intent": "remove_item"
        },
        {
            "text": "delete 10 donuts",
            "entities": [
                {
                    "entity": "wit$number:number",
                    "start": 7,
                    "end": 9,
                    "body": "10",
                    "entities": []
                },
                {
                    "entity": "specific_item:specific_item",
                    "start": 10,
                    "end": 16,
                    "body": "donuts",
                    "entities": []
                }
            ],
            "traits": [],
            "intent": "remove_item"
        },
        {
            "text": "delete 3 donuts",
            "entities": [
                {
                    "entity": "wit$number:number",
                    "start": 7,
                    "end": 8,
                    "body": "3",
                    "entities": []
                },
                {
                    "entity": "specific_item:specific_item",
                    "start": 9,
                    "end": 15,
                    "body": "donuts",
                    "entities": []
                }
            ],
            "traits": [],
            "intent": "remove_item"
        },
        {
            "text": "delete 4 donuts from my cart",
            "entities": [
                {
                    "entity": "wit$number:number",
                    "start": 7,
                    "end": 8,
                    "body": "4",
                    "entities": []
                },
                {
                    "entity": "specific_item:specific_item",
                    "start": 9,
                    "end": 15,
                    "body": "donuts",
                    "entities": []
                }
            ],
            "traits": [],
            "intent": "remove_item"
        },
        {
            "text": "delete 7 coconuts from my basket",
            "entities": [
                {
                    "entity": "specific_item:specific_item",
                    "start": 9,
                    "end": 17,
                    "body": "coconuts",
                    "entities": []
                },
                {
                    "entity": "wit$number:number",
                    "start": 7,
                    "end": 8,
                    "body": "7",
                    "entities": []
                }
            ],
            "traits": [],
            "intent": "remove_item"
        },
        {
            "text": "donut cost",
            "entities": [],
            "traits": [],
            "intent": "get_price"
        },
        {
            "text": "egg price",
            "entities": [],
            "traits": [],
            "intent": "get_price"
        },
        {
            "text": "get help",
            "entities": [],
            "traits": [],
            "intent": "get_help"
        },
        {
            "text": "help",
            "entities": [],
            "traits": [],
            "intent": "get_help"
        },
        {
            "text": "how much are donuts",
            "entities": [],
            "traits": [],
            "intent": "get_price"
        },
        {
            "text": "how much for apple",
            "entities": [],
            "traits": [],
            "intent": "get_price"
        },
        {
            "text": "how much is a bagel",
            "entities": [],
            "traits": [],
            "intent": "get_price"
        },
        {
            "text": "how much money for donut",
            "entities": [],
            "traits": [],
            "intent": "get_price"
        },
        {
            "text": "please insert 1 coconuts in my basket",
            "entities": [
                {
                    "entity": "wit$number:number",
                    "start": 14,
                    "end": 15,
                    "body": "1",
                    "entities": []
                },
                {
                    "entity": "specific_item:specific_item",
                    "start": 16,
                    "end": 24,
                    "body": "coconuts",
                    "entities": []
                }
            ],
            "traits": [],
            "intent": "add_item"
        },
        {
            "text": "please put 2 eggs in my cart",
            "entities": [
                {
                    "entity": "wit$number:number",
                    "start": 11,
                    "end": 12,
                    "body": "2",
                    "entities": []
                }
            ],
            "traits": [],
            "intent": "add_item"
        },
        {
            "text": "price",
            "entities": [],
            "traits": [],
            "intent": "get_price"
        },
        {
            "text": "put 4 donuts in my cart",
            "entities": [
                {
                    "entity": "specific_item:specific_item",
                    "start": 6,
                    "end": 12,
                    "body": "donuts",
                    "entities": []
                }
            ],
            "traits": [],
            "intent": "add_item"
        },
        {
            "text": "remove",
            "entities": [],
            "traits": [],
            "intent": "remove_item"
        },
        {
            "text": "remove 1 apple",
            "entities": [
                {
                    "entity": "wit$number:number",
                    "start": 7,
                    "end": 8,
                    "body": "1",
                    "entities": []
                },
                {
                    "entity": "specific_item:specific_item",
                    "start": 9,
                    "end": 14,
                    "body": "apple",
                    "entities": []
                }
            ],
            "traits": [],
            "intent": "remove_item"
        },
        {
            "text": "remove 1 egg",
            "entities": [
                {
                    "entity": "specific_item:specific_item",
                    "start": 9,
                    "end": 12,
                    "body": "egg",
                    "entities": []
                },
                {
                    "entity": "wit$number:number",
                    "start": 7,
                    "end": 8,
                    "body": "1",
                    "entities": []
                }
            ],
            "traits": [],
            "intent": "remove_item"
        },
        {
            "text": "remove 2 bagels from my cart",
            "entities": [
                {
                    "entity": "wit$number:number",
                    "start": 7,
                    "end": 8,
                    "body": "2",
                    "entities": []
                },
                {
                    "entity": "specific_item:specific_item",
                    "start": 9,
                    "end": 15,
                    "body": "bagels",
                    "entities": []
                }
            ],
            "traits": [],
            "intent": "remove_item"
        },
        {
            "text": "remove 3 donuts",
            "entities": [
                {
                    "entity": "wit$number:number",
                    "start": 7,
                    "end": 8,
                    "body": "3",
                    "entities": []
                },
                {
                    "entity": "specific_item:specific_item",
                    "start": 9,
                    "end": 15,
                    "body": "donuts",
                    "entities": []
                }
            ],
            "traits": [],
            "intent": "remove_item"
        },
        {
            "text": "remove 5 donuts",
            "entities": [
                {
                    "entity": "wit$number:number",
                    "start": 7,
                    "end": 8,
                    "body": "5",
                    "entities": []
                },
                {
                    "entity": "specific_item:specific_item",
                    "start": 9,
                    "end": 15,
                    "body": "donuts",
                    "entities": []
                }
            ],
            "traits": [],
            "intent": "remove_item"
        },
        {
            "text": "remove 7 coconuts",
            "entities": [
                {
                    "entity": "wit$number:number",
                    "start": 7,
                    "end": 8,
                    "body": "7",
                    "entities": []
                },
                {
                    "entity": "specific_item:specific_item",
                    "start": 9,
                    "end": 17,
                    "body": "coconuts",
                    "entities": []
                }
            ],
            "traits": [],
            "intent": "remove_item"
        },
        {
            "text": "remove 7 eggs",
            "entities": [
                {
                    "entity": "wit$number:number",
                    "start": 7,
                    "end": 8,
                    "body": "7",
                    "entities": []
                },
                {
                    "entity": "specific_item:specific_item",
                    "start": 9,
                    "end": 13,
                    "body": "eggs",
                    "entities": []
                }
            ],
            "traits": [],
            "intent": "remove_item"
        },
        {
            "text": "remove an apple from my basket",
            "entities": [
                {
                    "entity": "specific_item:specific_item",
                    "start": 10,
                    "end": 15,
                    "body": "apple",
                    "entities": []
                }
            ],
            "traits": [],
            "intent": "remove_item"
        },
        {
            "text": "show me my cart",
            "entities": [],
            "traits": [],
            "intent": "view_cart"
        },
        {
            "text": "view my cart",
            "entities": [],
            "traits": [],
            "intent": "view_cart"
        },
        {
            "text": "what can I buy",
            "entities": [],
            "traits": [],
            "intent": "get_items"
        },
        {
            "text": "what can i buy",
            "entities": [],
            "traits": [],
            "intent": "get_items"
        },
        {
            "text": "what can i do",
            "entities": [],
            "traits": [],
            "intent": "get_help"
        },
        {
            "text": "what do I have in my cart",
            "entities": [],
            "traits": [],
            "intent": "view_cart"
        },
        {
            "text": "what does an apple cost",
            "entities": [],
            "traits": [],
            "intent": "get_price"
        },
        {
            "text": "what is available",
            "entities": [],
            "traits": [],
            "intent": "get_items"
        },
        {
            "text": "what items are there",
            "entities": [],
            "traits": [],
            "intent": "get_items"
        },
        {
            "text": "what items can I get",
            "entities": [],
            "traits": [],
            "intent": "get_items"
        },
        {
            "text": "what's in my basket",
            "entities": [],
            "traits": [],
            "intent": "view_cart"
        },
        {
            "text": "what's in my shopping cart",
            "entities": [],
            "traits": [],
            "intent": "view_cart"
        },
        {
            "text": "what's the price of a coconut",
            "entities": [],
            "traits": [],
            "intent": "get_price"
        }
    ]
}
