{
    "name": "chatroom_type",
    "roles": [
        "chatroom_type"
    ],
    "lookups": [
        "keywords"
    ],
    "keywords": [
        {
            "keyword": "Babcock Banter",
            "synonyms": [
                "babcock",
                "babcock banter"
            ]
        },
        {
            "keyword": "Bascom Hill Hangout",
            "synonyms": [
                "Bascom Hill Hangout",
                "bascom",
                "bascom hill"
            ]
        },
        {
            "keyword": "Chadbourne Chats",
            "synonyms": [
                "chad",
                "chadbourne",
                "chadbourne chats"
            ]
        },
        {
            "keyword": "Humanities Hubbub",
            "synonyms": [
                "Humanities Hubbub",
                "humanities"
            ]
        },
        {
            "keyword": "Memorial Union Meetups",
            "synonyms": [
                "mem u",
                "memorial union",
                "memorial union meetups"
            ]
        },
        {
            "keyword": "Red Gym Rendezvous",
            "synonyms": [
                "red gym",
                "red gym rendezvous"
            ]
        },
        {
            "keyword": "Union South Socials",
            "synonyms": [
                "union south social",
                "union south socials"
            ]
        },
        {
            "keyword": "Witte Whispers",
            "synonyms": [
                "witte",
                "witte whispers"
            ]
        }
    ]
}
