{
    "utterances": [
        {
            "text": "3 latest posts from mem u",
            "entities": [
                {
                    "entity": "wit$number:number",
                    "start": 0,
                    "end": 1,
                    "body": "3",
                    "entities": []
                },
                {
                    "entity": "chatroom_type:chatroom_type",
                    "start": 20,
                    "end": 25,
                    "body": "mem u",
                    "entities": []
                }
            ],
            "traits": [],
            "intent": "get_messages"
        },
        {
            "text": "am I logged in",
            "entities": [],
            "traits": [],
            "intent": "whoami"
        },
        {
            "text": "can i log out of my account",
            "entities": [],
            "traits": [],
            "intent": "logout"
        },
        {
            "text": "can i make a post",
            "entities": [],
            "traits": [],
            "intent": "create_message"
        },
        {
            "text": "can i make a post to memorial union meetups",
            "entities": [
                {
                    "entity": "chatroom_type:chatroom_type",
                    "start": 21,
                    "end": 43,
                    "body": "memorial union meetups",
                    "entities": []
                }
            ],
            "traits": [],
            "intent": "create_message"
        },
        {
            "text": "can i post to babcock banter",
            "entities": [
                {
                    "entity": "chatroom_type:chatroom_type",
                    "start": 14,
                    "end": 28,
                    "body": "babcock banter",
                    "entities": []
                }
            ],
            "traits": [],
            "intent": "create_message"
        },
        {
            "text": "can i sign in",
            "entities": [],
            "traits": [],
            "intent": "login"
        },
        {
            "text": "can i sign up",
            "entities": [],
            "traits": [],
            "intent": "register"
        },
        {
            "text": "chatrooms",
            "entities": [],
            "traits": [],
            "intent": "get_chatrooms"
        },
        {
            "text": "create a post",
            "entities": [],
            "traits": [],
            "intent": "create_message"
        },
        {
            "text": "get 2 messages",
            "entities": [
                {
                    "entity": "wit$number:number",
                    "start": 4,
                    "end": 5,
                    "body": "2",
                    "entities": []
                }
            ],
            "traits": [],
            "intent": "get_messages"
        },
        {
            "text": "get help",
            "entities": [],
            "traits": [],
            "intent": "get_help"
        },
        {
            "text": "get messages",
            "entities": [],
            "traits": [],
            "intent": "get_messages"
        },
        {
            "text": "give me the 4 latest posts",
            "entities": [
                {
                    "entity": "wit$number:number",
                    "start": 12,
                    "end": 13,
                    "body": "4",
                    "entities": []
                }
            ],
            "traits": [],
            "intent": "get_messages"
        },
        {
            "text": "help",
            "entities": [],
            "traits": [],
            "intent": "get_help"
        },
        {
            "text": "how do i get started",
            "entities": [],
            "traits": [],
            "intent": "get_help"
        },
        {
            "text": "how do i use this",
            "entities": [],
            "traits": [],
            "intent": "get_help"
        },
        {
            "text": "i want an account",
            "entities": [],
            "traits": [],
            "intent": "register"
        },
        {
            "text": "i want to sign up",
            "entities": [],
            "traits": [],
            "intent": "register"
        },
        {
            "text": "let me log in",
            "entities": [],
            "traits": [],
            "intent": "login"
        },
        {
            "text": "list the chatroms",
            "entities": [],
            "traits": [],
            "intent": "get_chatrooms"
        },
        {
            "text": "log in",
            "entities": [],
            "traits": [],
            "intent": "login"
        },
        {
            "text": "log me in",
            "entities": [],
            "traits": [],
            "intent": "login"
        },
        {
            "text": "log me out",
            "entities": [],
            "traits": [],
            "intent": "logout"
        },
        {
            "text": "log out",
            "entities": [],
            "traits": [],
            "intent": "logout"
        },
        {
            "text": "login",
            "entities": [],
            "traits": [],
            "intent": "login"
        },
        {
            "text": "logout",
            "entities": [],
            "traits": [],
            "intent": "logout"
        },
        {
            "text": "make a post in chadbourne chats",
            "entities": [
                {
                    "entity": "chatroom_type:chatroom_type",
                    "start": 15,
                    "end": 31,
                    "body": "chadbourne chats",
                    "entities": []
                }
            ],
            "traits": [],
            "intent": "create_message"
        },
        {
            "text": "messages",
            "entities": [],
            "traits": [],
            "intent": "get_messages"
        },
        {
            "text": "most recent post",
            "entities": [],
            "traits": [],
            "intent": "get_messages"
        },
        {
            "text": "please log out of this account",
            "entities": [],
            "traits": [],
            "intent": "logout"
        },
        {
            "text": "post a message in witte whispers",
            "entities": [
                {
                    "entity": "chatroom_type:chatroom_type",
                    "start": 18,
                    "end": 32,
                    "body": "witte whispers",
                    "entities": []
                }
            ],
            "traits": [],
            "intent": "create_message"
        },
        {
            "text": "register",
            "entities": [],
            "traits": [],
            "intent": "register"
        },
        {
            "text": "set up account",
            "entities": [],
            "traits": [],
            "intent": "register"
        },
        {
            "text": "sign in",
            "entities": [],
            "traits": [],
            "intent": "login"
        },
        {
            "text": "sign me up",
            "entities": [],
            "traits": [],
            "intent": "register"
        },
        {
            "text": "start login",
            "entities": [],
            "traits": [],
            "intent": "login"
        },
        {
            "text": "what account am I logged in with",
            "entities": [],
            "traits": [],
            "intent": "whoami"
        },
        {
            "text": "what account am I logged into",
            "entities": [],
            "traits": [],
            "intent": "whoami"
        },
        {
            "text": "what are the 4 latest posts in Union South Socials",
            "entities": [
                {
                    "entity": "wit$number:number",
                    "start": 13,
                    "end": 14,
                    "body": "4",
                    "entities": []
                },
                {
                    "entity": "chatroom_type:chatroom_type",
                    "start": 31,
                    "end": 50,
                    "body": "Union South Socials",
                    "entities": []
                }
            ],
            "traits": [],
            "intent": "get_messages"
        },
        {
            "text": "what can i do",
            "entities": [],
            "traits": [],
            "intent": "get_help"
        },
        {
            "text": "what chatrooms can i use",
            "entities": [],
            "traits": [],
            "intent": "get_chatrooms"
        },
        {
            "text": "what chatrooms do you have",
            "entities": [],
            "traits": [],
            "intent": "get_chatrooms"
        },
        {
            "text": "where can i chat",
            "entities": [],
            "traits": [],
            "intent": "get_chatrooms"
        },
        {
            "text": "who am I",
            "entities": [],
            "traits": [],
            "intent": "whoami"
        },
        {
            "text": "who am I logged in as",
            "entities": [],
            "traits": [],
            "intent": "whoami"
        }
    ]
}
